Title,Date
ලංකා බැංකුවේ වාරියපොළ ශාඛාව නව තාක්ෂණය සමගින්  විවෘත වෙයි ,2024-02-27
විදුලිබල මණ්ඩලයේ ලාභය මැතිවරණයට යොදා ගැනීමේ සැලසුමක් ?,2024-02-27
ගාසා ළමුන් වෙනුවෙන් රනිල්ගේ යෝජනාවට කැබිනට් අනුමැතිය,2024-02-27
වැල්ලවත්ත මුහුදු මාවතේ  පුද්ගලික හෝටලයක් අසලදී වෙඩි තැබීමක් ,2024-02-27
ඊශ්‍රායලයේ රැකියා දෙන බවට කියමින් සල්ලි ගන්න අය ගැන දැනුවත් කරන්න - මනූෂගෙන් ඉල්ලීමක්,2024-02-27
මනූෂගෙන් කුවේට් අයෝජකයින්ට විශේෂ ආරාධනයක්,2024-02-27
ශ්‍රී ලංකා ක්‍රිකට් කණ්ඩායමේ පළමු ටෙස්ට් තරඟයේ ආරම්භක පිතිකරුට සුලෝහිත සංග්‍රාම ඒකාබද්ධ සංවිධායක කමිටුවෙන් උපහාර,2024-02-27
විශ්වවිද්‍යාල අනධ්‍යයන කාර්ය මණ්ඩල වෘත්තීය සමිති වැඩවර්ජනයකට සැරසෙයි ,2024-02-27
පොලිස්පති පත්කිරීම නීතිවිරෝධී ද ?,2024-02-27
පොලීසියට කටඋත්තරයක් දෙන්න යන අයට අලුත් චක්‍රලේඛයක්,2024-02-27
ගුවන් යානා අදත් ප්‍රමාදයි - ශ්‍රී ලංකන් සමාව ඉල්ලයි,2024-02-27
උද්ධික නැතිවීමෙන් විමල්ගේ පිළේ මන්ත්‍රී ධූරය පොහොට්ටුවට,2024-02-27
නැමීබියා පිතිකරුවෙකුගෙන් T20 ලෝක වාර්තාවක්,2024-02-27
"මාතර, කොටවිල අධිකරණ සංකීර්ණය ඉදිරිපිටදී වෙඩි තැබීමක් ",2024-02-27
රොනී ද මෙල් අභාවප්‍රාප්ත වෙයි ,2024-02-27
 අද රස්නය අනතුරුදායක මට්ටමකට,2024-02-28
   ඉතිහාසගත මුදල් ඇමති රොනී ද මෙල් අභාවප්‍රාප්ත වෙයි,2024-02-28
  රටේ විදෙස් සංචිත ගැන IMF දැඩි කොන්දේසියක්,2024-02-28
ජනපතිවරණය කල් දැමීමට ඇති දොරඟුලු වැසී යයි,2024-02-28
ජාත්‍යන්තර භගවත් ගීතා  උත්සවය මෙවර ශ්‍රී ලංකාවේදී,2024-02-28
"වසර 26ක් පැරණි, දකුණු කොරියාවත් ඈඳුණු නඩුවක තීන්දුව ලබා දීම දින නියමයක් නොමැතිව කල් දැමේ",2024-02-28
මහබාගේ මස් අලෙවිසැලේ ඝාතනයට සම්බන්ධ සැකකරුවෙකු STF  සමග වෙඩි හුවමාරුවකදී මරුට,2024-02-28
පෘතුගීසින් සමූල ඝාතනය කල ඓතිහාසික රණ්දෙණිවල සටන සිහිකර ඉදිකල කුළුණ විනාශ මුඛයේ,2024-02-28
කරන්දෙණියේ PHI  ඝාතනය  විෂ ආහාර හැදූ සමාගමක්  ගැන සැකයක්,2024-02-28
මාස්කෝ සම්මාන උළලේ නිර්මාතෘ සුනිල් ගුණරත්න මහතාගේ අවසන් කටයුතු අද පස්වරුවේ,2024-02-28
ලැබුණු දත්ත මදි - විදුලි බිල අඩු කිරීමේ තීරණය කල් යයි,2024-02-28
 කාන්තාවන්ට දරුවන් හැදීම එපා වී දකුණු කොරියාවේ අලුත් අර්බුදයක්,2024-02-28
  සියලු රාජ්‍ය විශ්වවිද්‍යාලවල වැඩ නවතියි,2024-02-28
ජනාධිපතිවරණය තියන්න සල්ලි තියනවද?,2024-02-28
 ආන්දෝලනයක් ඇති කළ පරාටේ නීතියට අලුත් සංශෝධනයක්,2024-02-28
කුරුණෑගල රාජසභා ගොඩනැගිල්ල කඩා දැමූ සිද්ධිය ගැන ගොනු කළ පෙත්සමක් අභියාචනාධිකරණය විභාගයට නොගෙන නිශ්ප්‍රභ කරයි. ,2024-02-28
ආර්ථික සමෘද්ධිය හිතන තරම් ලේසි නැත  - චීනයේ පාඩම,2024-02-28
කිරිබටි රාජ්‍යය වෙනුවෙන් පොරයක්,2024-02-28
ජපානය යුද අභ්‍යාසයක,2024-02-28
අධික උණුසුමෙන් රත්නපුරය රත් වෙයි - උෂ්ණත්වය සෙල්සියස් අංශක 37 යි,2024-02-28
දින 03 ක් පාසැල් දරුවන්ට එළිමහන තහනම්,2024-02-28
ජනාධිපතිවරණය සැප්තැම්බර් 18 සහ ඔක්තොම්බර් 18 අතර,2024-02-28
ණය දෙන්න බලන්න IMF කණ්ඩායමක් ලබන සතියේ දිවයිනට,2024-02-28
බංග්ලාදේශ T20 ක්‍රිකට් තරඟාවලියට ශ්‍රී ලංකාවෙන් 17 ක්,2024-02-28
ඇඟිලි සලකුණු හරහා පමණක් අපරාධ 700 ක්  විසදයි ,2024-02-28
අධික රස්නයේ වැඩිම අවදානම් වෙලාව ගැන අනාවරණයක්,2024-02-29
 එක්සත් ජාතික පක්‍ෂය ජනාධිපති සටනෙන් ඉවත් වෙයි,2024-02-29
රටේ ජනගහනයෙන් සියයට 25 ක් ණය උගුලේ,2024-02-29
ගබ්සාව ගැන ඉතිහාසගත තීරණයකට ප්‍රංශය සූදානම්,2024-02-29
සියඹලාණ්ඩුවේදි බස් රථයක් පෙරළී සිසුන් ඇතුළු 42කට තුවාල,2024-02-29
ජපානයෙන් මෙරට ශ්‍රමිකයින්ට තවත් රැකියා අවස්ථා ,2024-02-29
තායිවානයේ ආරක්ෂාව සම්බන්ධයෙන් අමෙරිකාව බිය පල කරනවා,2024-02-29
මෙවරත් වී මිලදී  ගැනිම අර්බුදයක ,2024-02-29
ඉන්දීය ක්‍රිකට් පාලක මණ්ඩලයේ වාර්ෂික ක්‍රීඩක කොන්ත්‍රාත්තුවෙන් සුපිරි ක්‍රීඩකයින් දෙදෙනෙකු ඉවතට,2024-02-29
පරාටේ නීතිය අත්හිටුවීමෙන් පසු අවධානය යොමුකළ යුතු තැන් මෙන්න විද්වතෙකු පවසයි ,2024-02-29
ඉන්දියාවේ මීලඟ අභ්‍යාවකාශ මෙහෙයුම,2024-02-29
නව පොලිස්පති වැඩ භාර ගත් අවස්ථාව,2024-02-29
ශ්‍රී ලංකාවේ ආයෝජන ඉහළ නැංවීමට ඉන්දියාවෙන් සැලසුම්,2024-02-29
අතුරුදන් වූ චීන විදේශ ඇමති ගැන අනාවරණයක්,2024-02-29
තෙන්ඩුල්කාර් පොරොන්දුවක් රකියි,2024-02-29
පකිස්තානයේ සමාජ මාධ්‍ය තහනම තවදුරටත්,2024-02-29
ඔස්ට්‍රේලියාව කණස්සල්ලෙන්,2024-02-29
ඊශ්‍රායලයේ ඉදිකිරීම් ක්ෂේත්‍රයේ රැකියා සඳහා  1700ක් ,2024-03-01
රනිල්ට සහාය දීම ගැන පොහොට්ටුවේ ප්‍රබලයෙක් ගෙන් සැර ප්‍රකාශයක්,2024-03-01
 ඉන්දන මිල සංශෝධනය ගැන රජයෙන් විශේෂ දැනුම් දීමක්,2024-03-01
යළි රිමාන්ඩ් කළ කෙහෙළිය තවදුරටත් වැලිකඩ රෝහලේ,2024-03-01
බස්නාහිර පළාතේ තවත් ප්‍රශ්න පත්තර දෙකක් විභාගයට පෙර නිකුත් වෙයි ,2024-03-01
රතු කැකුළු සහල් මිල පහළ දැමීමට කෘෂිකර්ම ඇමතිගේ අවධානය,2024-03-01
දකුණ කළඑළිය කළ රොනී රුහුණු සරසවියේදී අද අවසන් ගමන් යයි,2024-03-01
ග්‍රාම නිලධාරීන්ට ජනාධිපතිගෙන් පොරොන්දුවක් ,2024-03-01
පැය 6ක නින්ද ගැන විශේෂ අනාවරණයක් ,2024-03-01
ලිට්‍රෝ ගෑස් වල කිසිදු වෙනසක්  නොකරයි,2024-03-01
 විභාගයට පෙර තවත් ප්‍රශ්න කීපයක් පිටවී ඇති බවට ගුරු සංගම්වලින් විශේෂ අනාවරණයක්.,2024-03-01
ගෑස් මිල ගැන ලිට්‍රෝ සමාගමෙන් විශේෂ දැනුම් දීමක්,2024-03-01
 බැංකුණය පැහැර හරින්නන් සම්බන්ධයෙන් රජයෙන් නව වැඩපිළිවෙළක්,2024-03-01
වංචනිකයින්ට වැට බඳින වාහන ලියාපදිංචි කිරීමේ නව ක්‍රමවේදය ළඟදීම,2024-03-01
කුසල් ජනිත් පෙරේරාටත් බංග්ලාදේශ විස්සයි විස්ස තරඟාවලිය අහිමි වෙයි,2024-03-01
විමල්ට උණ සහ පාචනය  ,2024-03-01
 අහුන්ගල්ල ප්‍රදේශයේ වෙඩිතැබීමක් ,2024-03-01
2023 පහ ශ්‍රේණි ශිෂ්‍යත්ව පරීක්ෂණයේ නැවත සමීක්ෂණ ප්‍රතිඵල නිකුත් වෙයි,2024-03-01
කේරළ ගංජා කිලෝ 36ක් සමග මත්ද්‍රව්‍ය සැකකරුවන් දෙදෙනෙකු අත්අඩංගුවට,2024-03-01
රාජ්‍ය පාලනයට මුදල් සොයාගන්නේ අතීයේ නිවෙස් වලින් රැගෙන ගිය රන් ආභරණ විකිණීමෙන්ද ? - මනූෂ මහනුවරදී විමසයි ,2024-03-01
අමෙරිකාවෙන් රටවල් කිහිපයකට සම්බාධක,2024-03-01
ඉන්දියන් සාගරය තුළ මෙරට ආර්ථික වැඩසටහන්වලට හානි වීමට ඉඩ නොදෙන බව ජනපති කියයි,2024-03-01
සාමාන්‍ය පෙළ සහ උසස් පෙළ විභාග සඳහා දින නියම කෙරේ,2024-03-01
තුන්වන වාර විභාගයේ බස්නාහිර පළාත් ප්‍රශ්න පත්‍ර පිටවීම ගැන අධ්‍යාපන අමාත්‍යංශයේ ලේකම් කතා කරයි,2024-03-01
හෙට දිනයේ උණුසුම් කාලගුණ තත්ත්වය ගැන අවවාදාත්මක නිවේදනයක්,2024-03-01
මියගිය රුසියානු විපක්ෂ නායකයාගේ අවසන් කටයුතු සිදු කෙරේ,2024-03-01
පාස්කු ඉරු දින ත්‍රස්ත ප්‍රහාර  සම්බන්ධයෙන් නිලන්ත ජයවර්ධන අත්අඩංගුවට ගන්නැයි  අභියාචනාධිකරණය හමුවේ පෙත්සමක්,2024-03-01
පොහොට්ටුව ජනපති අපේක්ෂකයා ගැන කතා කරයි ,2024-03-01
සුලෝහිත සංග්‍රාමය වෙනුවෙන් ආනන්ද - නාලන්ද අද තරග බිමේ,2024-03-02
ප්‍රශ්නගත ප්‍රතිදේහ එන්නත් සිද්ධියට සෞඛ්‍ය අමාත්‍යාංශයේ අතිරේක ලේකම්වරයෙකුත් CID අත්අඩංගුවට,2024-03-02
බිත්තර සඳහා ලබන සතියේ සිට උපරිම සිල්ලර මිලක්,2024-03-02
අධික උෂ්ණත්වය නිසා වැඩියෙන් ගතයුතු ආහාර,2024-03-02
රට පැන්න CCD යේ අපරාධ අංශයේ ස්ථානාධිපති ගැන පොලීසියෙන් අනාවරණයක්,2024-03-02
කාසල්රි සහ මවුස්සාකැලේ ජලාශ වල ජල මට්ටම සිඝ්‍රයෙන් පහලට,2024-03-02
ශ්‍රී ලංකා පුවත්පත් මණ්ඩලය නව ගොඩනැගිල්ලක්,2024-03-02
අත්අඩංගුවට ගත් වෛද්‍ය සමන් රත්නායක අධිකරණයට,2024-03-02
ආනන්දයට එරෙහිව නාලන්දය පළමුව පිත්ත අතට ගනී ,2024-03-02
පාසල් ළමුන්ට මත්පෙති අළෙවි කළ පුද්ගලයෙකු කළුබෝවිලදී STF අත්අඩංගුවට,2024-03-02
කාන්තාවකට පහරදුන් ආණ්ඩුකාරවරයෙකුගේ  පුත්‍රයෙකු අත්අඩංගුවට ගැනීමට පොලිස් විමර්ශන,2024-03-02
උතුරට මුල්තැන දෙමින් ගුවන් හමුදාව 73 වන සංවත්සරය සමරයි,2024-03-02
නව සන්ධානය ගැන හිටපු ජනපති මෛත්‍රී කතා කරයි,2024-03-02
පොහොට්ටුවට නොදෙන දෙයක් ගැන පාඨලී කතා කරයි ,2024-03-02
